Project Name,Package Name,Type Name,Design Smell,Cause of the Smell
project-1-team-8,com.sismics.parallaxscroll,ParallaxScrollView,Unutilized Abstraction,The tool detected the smell in this class because this class is potentially unused. (Please ignore the smell if the reported class is auto-generated and/or used to serve a specific known purpose.)
project-1-team-8,com.sismics.parallaxscroll,ParallaxScrollView.ScrollViewParallaxedItem,Unnecessary Abstraction,The tool detected the smell in this class because the class contains only a few data members without any method implementation, that indicates that the abstraction might not be required. Following fields are declared in this class: 
project-1-team-8,com.sismics.parallaxscroll,ParallaxScrollView.ScrollViewParallaxedItem,Unutilized Abstraction,The tool detected the smell in this class because this class is potentially unused. (Please ignore the smell if the reported class is auto-generated and/or used to serve a specific known purpose.)
project-1-team-8,com.sismics.parallaxscroll,ParallaxedView,Deficient Encapsulation,The tool detected the smell in this class because the class exposes fields belonging to it with public accessibility. Following fields are declared with public accessiblity: isAPI11; view; lastOffset; animations
project-1-team-8,com.sismics.reader.ui.widget,ArticleScrollView,Unutilized Abstraction,The tool detected the smell in this class because this class is potentially unused. (Please ignore the smell if the reported class is auto-generated and/or used to serve a specific known purpose.)
project-1-team-8,com.sismics.reader.ui.widget,ArticleScrollView.OnScrollChangedListener,Unutilized Abstraction,The tool detected the smell in this class because this class is potentially unused. (Please ignore the smell if the reported class is auto-generated and/or used to serve a specific known purpose.)
project-1-team-8,com.sismics.reader.ui.widget,ArticlesSwipeRefreshLayout,Unutilized Abstraction,The tool detected the smell in this class because this class is potentially unused. (Please ignore the smell if the reported class is auto-generated and/or used to serve a specific known purpose.)
project-1-team-8,com.sismics.reader.ui.adapter,ArticlesAdapter.ViewHolder,Unnecessary Abstraction,The tool detected the smell in this class because the class contains only a few data members without any method implementation, that indicates that the abstraction might not be required. Following fields are declared in this class: txtTitle; txtSummary; imgFavicon; imgStarred
project-1-team-8,com.sismics.reader.ui.adapter,ArticlesAdapter.ViewHolder,Unutilized Abstraction,The tool detected the smell in this class because this class is potentially unused. (Please ignore the smell if the reported class is auto-generated and/or used to serve a specific known purpose.)
project-1-team-8,com.sismics.reader.ui.adapter,SubscriptionItem,Deficient Encapsulation,The tool detected the smell in this class because the class exposes fields belonging to it with public accessibility. Following fields are declared with public accessiblity: HEADER_ITEM; CATEGORY_ITEM; SUBSCRIPTION_ITEM; type; id; title; url; unreadCount; unread; root
project-1-team-8,com.sismics.reader.ui.adapter,CategoryAdapter.Category,Unnecessary Abstraction,The tool detected the smell in this class because the class contains only a few data members without any method implementation, that indicates that the abstraction might not be required. Following fields are declared in this class: id; name
project-1-team-8,com.sismics.reader.ui.adapter,CategoryAdapter.Category,Unutilized Abstraction,The tool detected the smell in this class because this class is potentially unused. (Please ignore the smell if the reported class is auto-generated and/or used to serve a specific known purpose.)
project-1-team-8,com.sismics.reader.ui.adapter,CategoryAdapter.State,Unnecessary Abstraction,The tool detected the smell in this class because the class contains only a few data members without any method implementation, that indicates that the abstraction might not be required. Following fields are declared in this class: id; name; type; position
project-1-team-8,com.sismics.reader.ui.adapter,CategoryAdapter.State,Unutilized Abstraction,The tool detected the smell in this class because this class is potentially unused. (Please ignore the smell if the reported class is auto-generated and/or used to serve a specific known purpose.)
project-1-team-8,com.sismics.reader.ui.adapter,CategoryAdapter.Type,Unnecessary Abstraction,The tool detected the smell in this class because the class contains only a few data members without any method implementation, that indicates that the abstraction might not be required. Following fields are declared in this class: 
project-1-team-8,com.sismics.reader.ui.adapter,CategoryAdapter.Type,Unutilized Abstraction,The tool detected the smell in this class because this class is potentially unused. (Please ignore the smell if the reported class is auto-generated and/or used to serve a specific known purpose.)
project-1-team-8,com.sismics.reader.ui.form.validator,Required,Unutilized Abstraction,The tool detected the smell in this class because this class is potentially unused. (Please ignore the smell if the reported class is auto-generated and/or used to serve a specific known purpose.)
project-1-team-8,com.sismics.reader.ui.form.validator,Length,Unutilized Abstraction,The tool detected the smell in this class because this class is potentially unused. (Please ignore the smell if the reported class is auto-generated and/or used to serve a specific known purpose.)
project-1-team-8,com.sismics.reader.ui.form.validator,Alphanumeric,Unutilized Abstraction,The tool detected the smell in this class because this class is potentially unused. (Please ignore the smell if the reported class is auto-generated and/or used to serve a specific known purpose.)
project-1-team-8,com.sismics.reader.ui.form.validator,Email,Unutilized Abstraction,The tool detected the smell in this class because this class is potentially unused. (Please ignore the smell if the reported class is auto-generated and/or used to serve a specific known purpose.)
project-1-team-8,com.sismics.reader.activity,MainActivity,Unutilized Abstraction,The tool detected the smell in this class because this class is potentially unused. (Please ignore the smell if the reported class is auto-generated and/or used to serve a specific known purpose.)
project-1-team-8,com.sismics.reader.activity,MainActivity,Insufficient Modularization,The tool detected the smell in this class becuase the class has bloated interface (large number of public methods). Total public methods in the class: 20 public methods
project-1-team-8,com.sismics.reader.activity,LicenseActivity,Unutilized Abstraction,The tool detected the smell in this class because this class is potentially unused. (Please ignore the smell if the reported class is auto-generated and/or used to serve a specific known purpose.)
project-1-team-8,com.sismics.reader.activity,CategoriesActivity,Unutilized Abstraction,The tool detected the smell in this class because this class is potentially unused. (Please ignore the smell if the reported class is auto-generated and/or used to serve a specific known purpose.)
project-1-team-8,com.sismics.reader.activity,SettingsActivity,Unutilized Abstraction,The tool detected the smell in this class because this class is potentially unused. (Please ignore the smell if the reported class is auto-generated and/or used to serve a specific known purpose.)
project-1-team-8,com.sismics.reader.activity,ArticleActivity,Unutilized Abstraction,The tool detected the smell in this class because this class is potentially unused. (Please ignore the smell if the reported class is auto-generated and/or used to serve a specific known purpose.)
project-1-team-8,com.sismics.reader.activity,ArticleActivity,Insufficient Modularization,The tool detected the smell in this class becuase the class has bloated interface (large number of public methods). Total public methods in the class: 21 public methods
project-1-team-8,com.sismics.reader.activity,LoginActivity,Unutilized Abstraction,The tool detected the smell in this class because this class is potentially unused. (Please ignore the smell if the reported class is auto-generated and/or used to serve a specific known purpose.)
project-1-team-8,com.sismics.reader.resource,StarredResource,Broken Hierarchy,The tool detected a potential instance of the smell because this type does not implement or override any method from it's supertype(s): BaseResource
project-1-team-8,com.sismics.reader.resource,SubscriptionResource,Broken Hierarchy,The tool detected a potential instance of the smell because this type does not implement or override any method from it's supertype(s): BaseResource
project-1-team-8,com.sismics.reader.resource,BaseResource.MySSLSocketFactory,Unnecessary Abstraction,The tool detected the smell in this class because the class contains only a few data members without any method implementation, that indicates that the abstraction might not be required. Following fields are declared in this class: sslContext
project-1-team-8,com.sismics.reader.resource,BaseResource.MySSLSocketFactory,Unutilized Abstraction,The tool detected the smell in this class because this class is potentially unused. (Please ignore the smell if the reported class is auto-generated and/or used to serve a specific known purpose.)
project-1-team-8,com.sismics.reader.resource,ArticleResource,Broken Hierarchy,The tool detected a potential instance of the smell because this type does not implement or override any method from it's supertype(s): BaseResource
project-1-team-8,com.sismics.reader.resource,CategoryResource,Broken Hierarchy,The tool detected a potential instance of the smell because this type does not implement or override any method from it's supertype(s): BaseResource
project-1-team-8,com.sismics.reader.resource,UserResource,Broken Hierarchy,The tool detected a potential instance of the smell because this type does not implement or override any method from it's supertype(s): BaseResource
project-1-team-8,com.sismics.reader.fragment,AddSubscriptionDialogFragment.AddSubscriptionDialogListener,Unutilized Abstraction,The tool detected the smell in this class because this class is potentially unused. (Please ignore the smell if the reported class is auto-generated and/or used to serve a specific known purpose.)
project-1-team-8,com.sismics.reader.fragment,NavigationFragment,Unnecessary Abstraction,The tool detected the smell in this class because the class contains only a few data members without any method implementation, that indicates that the abstraction might not be required. Following fields are declared in this class: 
project-1-team-8,com.sismics.reader.fragment,SettingsFragment,Unutilized Abstraction,The tool detected the smell in this class because this class is potentially unused. (Please ignore the smell if the reported class is auto-generated and/or used to serve a specific known purpose.)
project-1-team-8,com.sismics.reader.fragment,ArticlesDefaultFragment,Broken Hierarchy,The tool detected a potential instance of the smell because this type does not implement or override any method from it's supertype(s): NavigationFragment
project-1-team-8,com.sismics.reader.fragment,ArticlesFragment,Unutilized Abstraction,The tool detected the smell in this class because this class is potentially unused. (Please ignore the smell if the reported class is auto-generated and/or used to serve a specific known purpose.)
project-1-team-8,com.sismics.reader.fragment,ArticlesFragment,Broken Hierarchy,The tool detected a potential instance of the smell because this type does not implement or override any method from it's supertype(s): NavigationFragment
project-1-team-8,com.sismics.reader.fragment,ArticlesFragment,Insufficient Modularization,The tool detected the smell in this class becuase the class has bloated interface (large number of public methods). Total public methods in the class: 21 public methods
project-1-team-8,com.sismics.reader.constant,Constants,Unnecessary Abstraction,The tool detected the smell in this class because the class contains only a few data members without any method implementation, that indicates that the abstraction might not be required. Following fields are declared in this class: REQUEST_CODE_ARTICLES; REQUEST_CODE_MANAGE_CATEGORIES
project-1-team-8,com.sismics.reader.constant,Constants,Deficient Encapsulation,The tool detected the smell in this class because the class exposes fields belonging to it with public accessibility. Following fields are declared with public accessiblity: REQUEST_CODE_ARTICLES; REQUEST_CODE_MANAGE_CATEGORIES
project-1-team-8,com.sismics.reader.provider,RecentSuggestionsProvider,Deficient Encapsulation,The tool detected the smell in this class because the class exposes fields belonging to it with public accessibility. Following fields are declared with public accessiblity: AUTHORITY; MODE
project-1-team-8,com.sismics.reader,MainApplication,Unutilized Abstraction,The tool detected the smell in this class because this class is potentially unused. (Please ignore the smell if the reported class is auto-generated and/or used to serve a specific known purpose.)
project-1-team-8,com.sismics.reader,BaseTransactionalTest,Unutilized Abstraction,The tool detected the smell in this class because this class is potentially unused. (Please ignore the smell if the reported class is auto-generated and/or used to serve a specific known purpose.)
project-1-team-8,com.sismics.reader,Standalone,Unutilized Abstraction,The tool detected the smell in this class because this class is potentially unused. (Please ignore the smell if the reported class is auto-generated and/or used to serve a specific known purpose.)
project-1-team-8,com.sismics.reader.util,PreferenceUtil,Deficient Encapsulation,The tool detected the smell in this class because the class exposes fields belonging to it with public accessibility. Following fields are declared with public accessiblity: PREF_CACHED_USER_INFO_JSON; PREF_CACHED_SUBSCRIPTION_JSON; PREF_SERVER_URL; PREF_SUBSCRIPTION_UNREAD; PREF_ARTICLES_FETCHED; PREF_DEFAULT_SUBSCRIPTION; PREF_FONT_SIZE
project-1-team-8,com.sismics.reader.core.model.jpa,Feed,Insufficient Modularization,The tool detected the smell in this class becuase the class has bloated interface (large number of public methods). Total public methods in the class: 23 public methods
project-1-team-8,com.sismics.reader.core.model.jpa,User,Insufficient Modularization,The tool detected the smell in this class becuase the class has bloated interface (large number of public methods). Total public methods in the class: 31 public methods
project-1-team-8,com.sismics.reader.core.model.jpa,RoleBaseFunction,Unutilized Abstraction,The tool detected the smell in this class because this class is potentially unused. (Please ignore the smell if the reported class is auto-generated and/or used to serve a specific known purpose.)
project-1-team-8,com.sismics.reader.core.model.jpa,Article,Insufficient Modularization,The tool detected the smell in this class becuase the class has bloated interface (large number of public methods). Total public methods in the class: 35 public methods
project-1-team-8,com.sismics.reader.core.model.jpa,Role,Unutilized Abstraction,The tool detected the smell in this class because this class is potentially unused. (Please ignore the smell if the reported class is auto-generated and/or used to serve a specific known purpose.)
project-1-team-8,com.sismics.reader.core.model.jpa,BaseFunction,Unutilized Abstraction,The tool detected the smell in this class because this class is potentially unused. (Please ignore the smell if the reported class is auto-generated and/or used to serve a specific known purpose.)
project-1-team-8,com.sismics.reader.core.model.context,AppContext,Cyclically-dependent Modularization,The tool detected the smell in this class because this class participates in a cyclic dependency. The participating classes in the cycle are: FeedService; AppContext; IndexingService; ArticleDao; LuceneUtil
project-1-team-8,com.sismics.reader.core.service,IndexingService,Cyclically-dependent Modularization,The tool detected the smell in this class because this class participates in a cyclic dependency. The participating classes in the cycle are: FeedService; AppContext; IndexingService; ArticleDao; LuceneUtil
project-1-team-8,com.sismics.reader.core.service,FeedService,Insufficient Modularization,The tool detected the smell in this class because the class contains large number of methods. Total methods in the class: 32 methods
project-1-team-8,com.sismics.reader.core.listener.async,ArticleDeletedAsyncListener,Unutilized Abstraction,The tool detected the smell in this class because this class is potentially unused. (Please ignore the smell if the reported class is auto-generated and/or used to serve a specific known purpose.)
project-1-team-8,com.sismics.reader.core.listener.async,ArticleUpdatedAsyncListener,Unutilized Abstraction,The tool detected the smell in this class because this class is potentially unused. (Please ignore the smell if the reported class is auto-generated and/or used to serve a specific known purpose.)
project-1-team-8,com.sismics.reader.core.listener.async,RebuildIndexAsyncListener,Unutilized Abstraction,The tool detected the smell in this class because this class is potentially unused. (Please ignore the smell if the reported class is auto-generated and/or used to serve a specific known purpose.)
project-1-team-8,com.sismics.reader.core.listener.async,SubscriptionImportAsyncListener,Unutilized Abstraction,The tool detected the smell in this class because this class is potentially unused. (Please ignore the smell if the reported class is auto-generated and/or used to serve a specific known purpose.)
project-1-team-8,com.sismics.reader.core.listener.async,ArticleCreatedAsyncListener,Unutilized Abstraction,The tool detected the smell in this class because this class is potentially unused. (Please ignore the smell if the reported class is auto-generated and/or used to serve a specific known purpose.)
project-1-team-8,com.sismics.reader.core.listener.async,FaviconUpdateRequestedAsyncListener,Unutilized Abstraction,The tool detected the smell in this class because this class is potentially unused. (Please ignore the smell if the reported class is auto-generated and/or used to serve a specific known purpose.)
project-1-team-8,com.sismics.reader.core.listener.sync,DeadEventListener,Unutilized Abstraction,The tool detected the smell in this class because this class is potentially unused. (Please ignore the smell if the reported class is auto-generated and/or used to serve a specific known purpose.)
project-1-team-8,com.sismics.reader.core.constant,ConfigType,Unnecessary Abstraction,The tool detected the smell in this class because the class contains only a few data members without any method implementation, that indicates that the abstraction might not be required. Following fields are declared in this class: 
project-1-team-8,com.sismics.reader.core.constant,Constants,Unnecessary Abstraction,The tool detected the smell in this class because the class contains only a few data members without any method implementation, that indicates that the abstraction might not be required. Following fields are declared in this class: value
project-1-team-8,com.sismics.reader.core.dao.lucene,ArticleDao,Cyclically-dependent Modularization,The tool detected the smell in this class because this class participates in a cyclic dependency. The participating classes in the cycle are: FeedService; AppContext; IndexingService; ArticleDao; LuceneUtil
project-1-team-8,com.sismics.reader.core.dao.lucene,ReaderStandardAnalyzer,Unutilized Abstraction,The tool detected the smell in this class because this class is potentially unused. (Please ignore the smell if the reported class is auto-generated and/or used to serve a specific known purpose.)
project-1-team-8,com.sismics.reader.core.dao.lucene,ReaderStandardAnalyzer,Deficient Encapsulation,The tool detected the smell in this class because the class exposes fields belonging to it with public accessibility. Following fields are declared with public accessiblity: DEFAULT_MAX_TOKEN_LENGTH; maxTokenLength; STOP_WORDS_SET
project-1-team-8,com.sismics.reader.core.dao.file.opml,OpmlReader.Element,Unnecessary Abstraction,The tool detected the smell in this class because the class contains only a few data members without any method implementation, that indicates that the abstraction might not be required. Following fields are declared in this class: 
project-1-team-8,com.sismics.reader.core.dao.file.opml,OpmlReader.Element,Unutilized Abstraction,The tool detected the smell in this class because this class is potentially unused. (Please ignore the smell if the reported class is auto-generated and/or used to serve a specific known purpose.)
project-1-team-8,com.sismics.reader.core.dao.file.rss,AtomLink,Unutilized Abstraction,The tool detected the smell in this class because this class is potentially unused. (Please ignore the smell if the reported class is auto-generated and/or used to serve a specific known purpose.)
project-1-team-8,com.sismics.reader.core.dao.file.rss,RssReader,Feature Envy,The tool detected a instance of this smell because handleEnclosure is more interested in members of the type: Article
project-1-team-8,com.sismics.reader.core.dao.file.rss,RssReader,Deficient Encapsulation,The tool detected the smell in this class because the class exposes fields belonging to it with public accessibility. Following fields are declared with public accessiblity: log; DF_RSS; DF_ATOM; DF_DC; content; feed; article; articleList; atomLinkList; atomArticleLinkList; fatalErrorCount; URI_XML; URI_ATOM; URI_RDF; URI_SLASH; URI_DC; URI_CONTENT; URI_THREAD; FATAL_ERROR_MAX; currentElement; elementStack; feedType; elementHandlers; endElementHandlers; lastElementUri
project-1-team-8,com.sismics.reader.core.dao.file.rss,RssReader,Insufficient Modularization,The tool detected the smell in this class because the class contains large number of methods. Total methods in the class: 43 methods
project-1-team-8,com.sismics.reader.core.dao.file.rss,RssReader.FeedType,Unnecessary Abstraction,The tool detected the smell in this class because the class contains only a few data members without any method implementation, that indicates that the abstraction might not be required. Following fields are declared in this class: 
project-1-team-8,com.sismics.reader.core.dao.file.rss,RssReader.FeedType,Unutilized Abstraction,The tool detected the smell in this class because this class is potentially unused. (Please ignore the smell if the reported class is auto-generated and/or used to serve a specific known purpose.)
project-1-team-8,com.sismics.reader.core.dao.file.rss,RssReader.Element,Unnecessary Abstraction,The tool detected the smell in this class because the class contains only a few data members without any method implementation, that indicates that the abstraction might not be required. Following fields are declared in this class: 
project-1-team-8,com.sismics.reader.core.dao.file.rss,RssReader.Element,Unutilized Abstraction,The tool detected the smell in this class because this class is potentially unused. (Please ignore the smell if the reported class is auto-generated and/or used to serve a specific known purpose.)
project-1-team-8,com.sismics.reader.core.dao.file.rss,TestRssReader,Insufficient Modularization,The tool detected the smell in this class becuase the class has bloated interface (large number of public methods). Total public methods in the class: 30 public methods
project-1-team-8,com.sismics.reader.core.dao.file.html,FaviconDownloader,Deficient Encapsulation,The tool detected the smell in this class because the class exposes fields belonging to it with public accessibility. Following fields are declared with public accessiblity: log; FAVICON_MIME_TYPE_MAP
project-1-team-8,com.sismics.reader.core.dao.jpa,JobDao,Broken Hierarchy,The tool detected a potential instance of the smell because this type does not implement or override any method from it's supertype(s): BaseDao
project-1-team-8,com.sismics.reader.core.dao.jpa,JobEventDao,Broken Hierarchy,The tool detected a potential instance of the smell because this type does not implement or override any method from it's supertype(s): BaseDao
project-1-team-8,com.sismics.reader.core.dao.jpa,ArticleDao,Broken Hierarchy,The tool detected a potential instance of the smell because this type does not implement or override any method from it's supertype(s): BaseDao
project-1-team-8,com.sismics.reader.core.dao.jpa,UserDao,Broken Hierarchy,The tool detected a potential instance of the smell because this type does not implement or override any method from it's supertype(s): BaseDao
project-1-team-8,com.sismics.reader.core.dao.jpa,UserArticleDao,Broken Hierarchy,The tool detected a potential instance of the smell because this type does not implement or override any method from it's supertype(s): BaseDao
project-1-team-8,com.sismics.reader.core.dao.jpa,FeedDao,Broken Hierarchy,The tool detected a potential instance of the smell because this type does not implement or override any method from it's supertype(s): BaseDao
project-1-team-8,com.sismics.reader.core.dao.jpa,FeedSubscriptionDao,Broken Hierarchy,The tool detected a potential instance of the smell because this type does not implement or override any method from it's supertype(s): BaseDao
project-1-team-8,com.sismics.reader.core.dao.jpa.dto,UserArticleDto,Insufficient Modularization,The tool detected the smell in this class becuase the class has bloated interface (large number of public methods). Total public methods in the class: 36 public methods
project-1-team-8,com.sismics.reader.core.dao.jpa.dto,ArticleDto,Insufficient Modularization,The tool detected the smell in this class becuase the class has bloated interface (large number of public methods). Total public methods in the class: 28 public methods
project-1-team-8,com.sismics.reader.core.dao.jpa.dto,FeedSubscriptionDto,Insufficient Modularization,The tool detected the smell in this class becuase the class has bloated interface (large number of public methods). Total public methods in the class: 30 public methods
project-1-team-8,com.sismics.reader.core.dao.jpa.criteria,UserCriteria,Unnecessary Abstraction,The tool detected the smell in this class because the class contains only a few data members without any method implementation, that indicates that the abstraction might not be required. Following fields are declared in this class: 
project-1-team-8,com.sismics.reader.core.dao.jpa.criteria,UserArticleCriteria,Insufficient Modularization,The tool detected the smell in this class becuase the class has bloated interface (large number of public methods). Total public methods in the class: 32 public methods
project-1-team-8,com.sismics.reader.core.dao.jpa.mapper,UserMapper,Unutilized Abstraction,The tool detected the smell in this class because this class is potentially unused. (Please ignore the smell if the reported class is auto-generated and/or used to serve a specific known purpose.)
project-1-team-8,com.sismics.reader.core.dao.jpa.mapper,UserArticleMapper,Unutilized Abstraction,The tool detected the smell in this class because this class is potentially unused. (Please ignore the smell if the reported class is auto-generated and/or used to serve a specific known purpose.)
project-1-team-8,com.sismics.reader.core.dao.jpa.mapper,FeedSubscriptionMapper,Unutilized Abstraction,The tool detected the smell in this class because this class is potentially unused. (Please ignore the smell if the reported class is auto-generated and/or used to serve a specific known purpose.)
project-1-team-8,com.sismics.reader.core.dao.jpa.mapper,JobMapper,Unutilized Abstraction,The tool detected the smell in this class because this class is potentially unused. (Please ignore the smell if the reported class is auto-generated and/or used to serve a specific known purpose.)
project-1-team-8,com.sismics.reader.core.dao.jpa.mapper,ArticleMapper,Unutilized Abstraction,The tool detected the smell in this class because this class is potentially unused. (Please ignore the smell if the reported class is auto-generated and/or used to serve a specific known purpose.)
project-1-team-8,com.sismics.reader.core.dao.jpa.mapper,JobEventMapper,Unutilized Abstraction,The tool detected the smell in this class because this class is potentially unused. (Please ignore the smell if the reported class is auto-generated and/or used to serve a specific known purpose.)
project-1-team-8,com.sismics.reader.core.dao.jpa.mapper,FeedMapper,Unutilized Abstraction,The tool detected the smell in this class because this class is potentially unused. (Please ignore the smell if the reported class is auto-generated and/or used to serve a specific known purpose.)
project-1-team-8,com.sismics.reader.core.util,UserUtil,Unutilized Abstraction,The tool detected the smell in this class because this class is potentially unused. (Please ignore the smell if the reported class is auto-generated and/or used to serve a specific known purpose.)
project-1-team-8,com.sismics.reader.core.util,LuceneUtil,Cyclically-dependent Modularization,The tool detected the smell in this class because this class participates in a cyclic dependency. The participating classes in the cycle are: FeedService; AppContext; IndexingService; ArticleDao; LuceneUtil
project-1-team-8,com.sismics.reader.core.util,LuceneUtil.LuceneRunnable,Unutilized Abstraction,The tool detected the smell in this class because this class is potentially unused. (Please ignore the smell if the reported class is auto-generated and/or used to serve a specific known purpose.)
project-1-team-8,com.sismics.util,HttpUtil,Unutilized Abstraction,The tool detected the smell in this class because this class is potentially unused. (Please ignore the smell if the reported class is auto-generated and/or used to serve a specific known purpose.)
project-1-team-8,com.sismics.util,MessageUtil,Unutilized Abstraction,The tool detected the smell in this class because this class is potentially unused. (Please ignore the smell if the reported class is auto-generated and/or used to serve a specific known purpose.)
project-1-team-8,com.sismics.util,EnvironmentUtil,Unutilized Abstraction,The tool detected the smell in this class because this class is potentially unused. (Please ignore the smell if the reported class is auto-generated and/or used to serve a specific known purpose.)
project-1-team-8,com.sismics.util.adblock,Subscription,Deficient Encapsulation,The tool detected the smell in this class because the class exposes fields belonging to it with public accessibility. Following fields are declared with public accessiblity: title; specialization; url; homepage; prefixes; author
project-1-team-8,com.sismics.util.adblock,Subscription,Broken Modularization,The tool detected the smell in this class because it contains only data members without any method implementation. Following fields are declared in this class: title; specialization; url; homepage; prefixes; author
project-1-team-8,com.sismics.util.adblock,Helper,Unutilized Abstraction,The tool detected the smell in this class because this class is potentially unused. (Please ignore the smell if the reported class is auto-generated and/or used to serve a specific known purpose.)
project-1-team-8,com.sismics.util.adblock,SubscriptionParser,Unutilized Abstraction,The tool detected the smell in this class because this class is potentially unused. (Please ignore the smell if the reported class is auto-generated and/or used to serve a specific known purpose.)
project-1-team-8,com.sismics.util.mime,MimeType,Unnecessary Abstraction,The tool detected the smell in this class because the class contains only a few data members without any method implementation, that indicates that the abstraction might not be required. Following fields are declared in this class: IMAGE_X_ICON; IMAGE_PNG; IMAGE_JPEG; IMAGE_GIF; APPLICATION_ZIP
project-1-team-8,com.sismics.util.mime,MimeType,Deficient Encapsulation,The tool detected the smell in this class because the class exposes fields belonging to it with public accessibility. Following fields are declared with public accessiblity: IMAGE_X_ICON; IMAGE_PNG; IMAGE_JPEG; IMAGE_GIF; APPLICATION_ZIP
project-1-team-8,com.sismics.util.mime,MimeType,Broken Modularization,The tool detected the smell in this class because it contains only data members without any method implementation. Following fields are declared in this class: IMAGE_X_ICON; IMAGE_PNG; IMAGE_JPEG; IMAGE_GIF; APPLICATION_ZIP
project-1-team-8,com.sismics.util.jpa,DbOpenHelper,Unutilized Abstraction,The tool detected the smell in this class because this class is potentially unused. (Please ignore the smell if the reported class is auto-generated and/or used to serve a specific known purpose.)
project-1-team-8,com.sismics.util.jpa,ManagedProviderConnectionHelper,Unutilized Abstraction,The tool detected the smell in this class because this class is potentially unused. (Please ignore the smell if the reported class is auto-generated and/or used to serve a specific known purpose.)
project-1-team-8,com.sismics.util.jpa,SessionUtil,Unutilized Abstraction,The tool detected the smell in this class because this class is potentially unused. (Please ignore the smell if the reported class is auto-generated and/or used to serve a specific known purpose.)
project-1-team-8,com.sismics.util.jpa.filter,FilterColumn,Unutilized Abstraction,The tool detected the smell in this class because this class is potentially unused. (Please ignore the smell if the reported class is auto-generated and/or used to serve a specific known purpose.)
project-1-team-8,com.sismics.util.cert,TrustAllManager,Unutilized Abstraction,The tool detected the smell in this class because this class is potentially unused. (Please ignore the smell if the reported class is auto-generated and/or used to serve a specific known purpose.)
project-1-team-8,com.sismics.util.context,ThreadLocalContext,Deficient Encapsulation,The tool detected the smell in this class because the class exposes fields belonging to it with public accessibility. Following fields are declared with public accessiblity: threadLocalContext; entityManager
project-1-team-8,com.sismics.reader.agent.ui,StatusPanel,Cyclically-dependent Modularization,The tool detected the smell in this class because this class participates in a cyclic dependency. The participating classes in the cycle are: ReaderAgent; TrayController; AgentFrame; StatusPanel; SettingPanel; ReaderDeployer
project-1-team-8,com.sismics.reader.agent.model,Setting,Deficient Encapsulation,The tool detected the smell in this class because the class exposes fields belonging to it with public accessibility. Following fields are declared with public accessiblity: READER_AGENT_PROPERTIES_FILE; DEFAULT_HOST; DEFAULT_PORT; DEFAULT_CONTEXT_PATH; DEFAULT_AUTO_START; DEFAULT_SECURE; host; port; contextPath; readerHome; autoStart; secure; keyStorePath; keyStorePassword; keyManagerPassword
project-1-team-8,com.sismics.reader.agent.model,Setting,Insufficient Modularization,The tool detected the smell in this class becuase the class has bloated interface (large number of public methods). Total public methods in the class: 21 public methods
project-1-team-8,com.sismics.reader.agent,ReaderAgent,Cyclically-dependent Modularization,The tool detected the smell in this class because this class participates in a cyclic dependency. The participating classes in the cycle are: ReaderAgent; TrayController; AgentFrame; StatusPanel; SettingPanel; ReaderDeployer
project-1-team-8,com.sismics.reader.agent.deployer,DeploymentStatus.ServerState,Unnecessary Abstraction,The tool detected the smell in this class because the class contains only a few data members without any method implementation, that indicates that the abstraction might not be required. Following fields are declared in this class: 
project-1-team-8,com.sismics.reader.agent.deployer,DeploymentStatus.ServerState,Unutilized Abstraction,The tool detected the smell in this class because this class is potentially unused. (Please ignore the smell if the reported class is auto-generated and/or used to serve a specific known purpose.)
project-1-team-8,com.sismics.reader.agent.deployer,ReaderDeployer,Cyclically-dependent Modularization,The tool detected the smell in this class because this class participates in a cyclic dependency. The participating classes in the cycle are: ReaderAgent; TrayController; AgentFrame; StatusPanel; SettingPanel; ReaderDeployer
project-1-team-8,com.sismics.reader.rest.resource,StarredResource,Unutilized Abstraction,The tool detected the smell in this class because this class is potentially unused. (Please ignore the smell if the reported class is auto-generated and/or used to serve a specific known purpose.)
project-1-team-8,com.sismics.reader.rest.resource,StarredResource,Broken Hierarchy,The tool detected a potential instance of the smell because this type does not implement or override any method from it's supertype(s): BaseResource
project-1-team-8,com.sismics.reader.rest.resource,LocaleResource,Unutilized Abstraction,The tool detected the smell in this class because this class is potentially unused. (Please ignore the smell if the reported class is auto-generated and/or used to serve a specific known purpose.)
project-1-team-8,com.sismics.reader.rest.resource,LocaleResource,Broken Hierarchy,The tool detected a potential instance of the smell because this type does not implement or override any method from it's supertype(s): BaseResource
project-1-team-8,com.sismics.reader.rest.resource,SearchResource,Unutilized Abstraction,The tool detected the smell in this class because this class is potentially unused. (Please ignore the smell if the reported class is auto-generated and/or used to serve a specific known purpose.)
project-1-team-8,com.sismics.reader.rest.resource,SearchResource,Broken Hierarchy,The tool detected a potential instance of the smell because this type does not implement or override any method from it's supertype(s): BaseResource
project-1-team-8,com.sismics.reader.rest.resource,SubscriptionResource,Unutilized Abstraction,The tool detected the smell in this class because this class is potentially unused. (Please ignore the smell if the reported class is auto-generated and/or used to serve a specific known purpose.)
project-1-team-8,com.sismics.reader.rest.resource,SubscriptionResource,Broken Hierarchy,The tool detected a potential instance of the smell because this type does not implement or override any method from it's supertype(s): BaseResource
project-1-team-8,com.sismics.reader.rest.resource,AllResource,Unutilized Abstraction,The tool detected the smell in this class because this class is potentially unused. (Please ignore the smell if the reported class is auto-generated and/or used to serve a specific known purpose.)
project-1-team-8,com.sismics.reader.rest.resource,AllResource,Broken Hierarchy,The tool detected a potential instance of the smell because this type does not implement or override any method from it's supertype(s): BaseResource
project-1-team-8,com.sismics.reader.rest.resource,JobResource,Unutilized Abstraction,The tool detected the smell in this class because this class is potentially unused. (Please ignore the smell if the reported class is auto-generated and/or used to serve a specific known purpose.)
project-1-team-8,com.sismics.reader.rest.resource,JobResource,Broken Hierarchy,The tool detected a potential instance of the smell because this type does not implement or override any method from it's supertype(s): BaseResource
project-1-team-8,com.sismics.reader.rest.resource,TextPlainMessageBodyWriter,Unutilized Abstraction,The tool detected the smell in this class because this class is potentially unused. (Please ignore the smell if the reported class is auto-generated and/or used to serve a specific known purpose.)
project-1-team-8,com.sismics.reader.rest.resource,BaseResource,Wide Hierarchy,The tool detected the smell in this class because the number of children for the class is large. This class has following sub-classes: StarredResource; LocaleResource; SearchResource; SubscriptionResource; AllResource; JobResource; ThemeResource; ArticleResource; AppResource; CategoryResource; UserResource
project-1-team-8,com.sismics.reader.rest.resource,ThemeResource,Unutilized Abstraction,The tool detected the smell in this class because this class is potentially unused. (Please ignore the smell if the reported class is auto-generated and/or used to serve a specific known purpose.)
project-1-team-8,com.sismics.reader.rest.resource,ThemeResource,Broken Hierarchy,The tool detected a potential instance of the smell because this type does not implement or override any method from it's supertype(s): BaseResource
project-1-team-8,com.sismics.reader.rest.resource,ArticleResource,Unutilized Abstraction,The tool detected the smell in this class because this class is potentially unused. (Please ignore the smell if the reported class is auto-generated and/or used to serve a specific known purpose.)
project-1-team-8,com.sismics.reader.rest.resource,ArticleResource,Broken Hierarchy,The tool detected a potential instance of the smell because this type does not implement or override any method from it's supertype(s): BaseResource
project-1-team-8,com.sismics.reader.rest.resource,AppResource,Unutilized Abstraction,The tool detected the smell in this class because this class is potentially unused. (Please ignore the smell if the reported class is auto-generated and/or used to serve a specific known purpose.)
project-1-team-8,com.sismics.reader.rest.resource,AppResource,Broken Hierarchy,The tool detected a potential instance of the smell because this type does not implement or override any method from it's supertype(s): BaseResource
project-1-team-8,com.sismics.reader.rest.resource,CategoryResource,Unutilized Abstraction,The tool detected the smell in this class because this class is potentially unused. (Please ignore the smell if the reported class is auto-generated and/or used to serve a specific known purpose.)
project-1-team-8,com.sismics.reader.rest.resource,CategoryResource,Broken Hierarchy,The tool detected a potential instance of the smell because this type does not implement or override any method from it's supertype(s): BaseResource
project-1-team-8,com.sismics.reader.rest.resource,UserResource,Unutilized Abstraction,The tool detected the smell in this class because this class is potentially unused. (Please ignore the smell if the reported class is auto-generated and/or used to serve a specific known purpose.)
project-1-team-8,com.sismics.reader.rest.resource,UserResource,Broken Hierarchy,The tool detected a potential instance of the smell because this type does not implement or override any method from it's supertype(s): BaseResource
project-1-team-8,com.sismics.reader.rest.constant,BaseFunction,Unnecessary Abstraction,The tool detected the smell in this class because the class contains only a few data members without any method implementation, that indicates that the abstraction might not be required. Following fields are declared in this class: 
project-1-team-8,com.sismics.reader.rest.dao,ThemeDao,Deficient Encapsulation,The tool detected the smell in this class because the class exposes fields belonging to it with public accessibility. Following fields are declared with public accessiblity: STYLESHEETS_THEME_DIRS; CSS_FILTER
project-1-team-8,com.sismics.reader.rest,TestAllResource,Broken Hierarchy,The tool detected a potential instance of the smell because this type does not implement or override any method from it's supertype(s): BaseJerseyTest
project-1-team-8,com.sismics.reader.rest,TestSearchResource,Imperative Abstraction,The tool detected the smell in this class because it looks like that an operation is turned into a class. This class contains only the following public method: testSearchResource
project-1-team-8,com.sismics.reader.rest,TestSearchResource,Broken Hierarchy,The tool detected a potential instance of the smell because this type does not implement or override any method from it's supertype(s): BaseJerseyTest
project-1-team-8,com.sismics.reader.rest,TestJobResource,Broken Hierarchy,The tool detected a potential instance of the smell because this type does not implement or override any method from it's supertype(s): BaseJerseyTest
project-1-team-8,com.sismics.reader.rest,TestCategoryResource,Imperative Abstraction,The tool detected the smell in this class because it looks like that an operation is turned into a class. This class contains only the following public method: testCategoryResource
project-1-team-8,com.sismics.reader.rest,TestCategoryResource,Broken Hierarchy,The tool detected a potential instance of the smell because this type does not implement or override any method from it's supertype(s): BaseJerseyTest
project-1-team-8,com.sismics.reader.rest,TestLocaleResource,Broken Hierarchy,The tool detected a potential instance of the smell because this type does not implement or override any method from it's supertype(s): BaseJerseyTest
project-1-team-8,com.sismics.reader.rest,TestSecurity,Broken Hierarchy,The tool detected a potential instance of the smell because this type does not implement or override any method from it's supertype(s): BaseJerseyTest
project-1-team-8,com.sismics.reader.rest,TestStarredResource,Imperative Abstraction,The tool detected the smell in this class because it looks like that an operation is turned into a class. This class contains only the following public method: testStarredResource
project-1-team-8,com.sismics.reader.rest,TestStarredResource,Broken Hierarchy,The tool detected a potential instance of the smell because this type does not implement or override any method from it's supertype(s): BaseJerseyTest
project-1-team-8,com.sismics.reader.rest,TestThemeResource,Broken Hierarchy,The tool detected a potential instance of the smell because this type does not implement or override any method from it's supertype(s): BaseJerseyTest
project-1-team-8,com.sismics.reader.rest,TestUserResource,Broken Hierarchy,The tool detected a potential instance of the smell because this type does not implement or override any method from it's supertype(s): BaseJerseyTest
project-1-team-8,com.sismics.reader.rest,TestAppResource,Broken Hierarchy,The tool detected a potential instance of the smell because this type does not implement or override any method from it's supertype(s): BaseJerseyTest
project-1-team-8,com.sismics.reader.rest,TestSubscriptionResource,Broken Hierarchy,The tool detected a potential instance of the smell because this type does not implement or override any method from it's supertype(s): BaseJerseyTest
project-1-team-8,com.sismics.reader.rest,BaseJerseyTest,Wide Hierarchy,The tool detected the smell in this class because the number of children for the class is large. This class has following sub-classes: TestAllResource; TestSearchResource; TestJobResource; TestCategoryResource; TestLocaleResource; TestSecurity; TestStarredResource; TestThemeResource; TestUserResource; TestAppResource; TestSubscriptionResource
project-1-team-8,com.sismics.reader.rest,BaseJerseyTest,Insufficient Modularization,The tool detected the smell in this class because the class contains large number of methods. Total methods in the class: 34 methods
project-1-team-8,com.sismics.rest.resource,GenericExceptionMapper,Unutilized Abstraction,The tool detected the smell in this class because this class is potentially unused. (Please ignore the smell if the reported class is auto-generated and/or used to serve a specific known purpose.)
project-1-team-8,com.sismics.rest.exception,ServerException,Unutilized Abstraction,The tool detected the smell in this class because this class is potentially unused. (Please ignore the smell if the reported class is auto-generated and/or used to serve a specific known purpose.)
project-1-team-8,com.sismics.rest.exception,ForbiddenClientException,Unutilized Abstraction,The tool detected the smell in this class because this class is potentially unused. (Please ignore the smell if the reported class is auto-generated and/or used to serve a specific known purpose.)
project-1-team-8,com.sismics.rest.exception,ClientException,Unutilized Abstraction,The tool detected the smell in this class because this class is potentially unused. (Please ignore the smell if the reported class is auto-generated and/or used to serve a specific known purpose.)
project-1-team-8,com.sismics.security,AnonymousPrincipal,Deficient Encapsulation,The tool detected the smell in this class because the class exposes fields belonging to it with public accessibility. Following fields are declared with public accessiblity: ANONYMOUS; locale; dateTimeZone
project-1-team-8,com.sismics.util.filter,TokenBasedSecurityFilter,Deficient Encapsulation,The tool detected the smell in this class because the class exposes fields belonging to it with public accessibility. Following fields are declared with public accessiblity: COOKIE_NAME; TOKEN_LONG_LIFETIME; TOKEN_SESSION_LIFETIME
project-1-team-8,com.sismics.util.filter,SecurityFilter,Deficient Encapsulation,The tool detected the smell in this class because the class exposes fields belonging to it with public accessibility. Following fields are declared with public accessiblity: PRINCIPAL_ATTRIBUTE; LOG
project-1-team-8,com.sismics.util.filter,HeaderBasedSecurityFilter,Deficient Encapsulation,The tool detected the smell in this class because the class exposes fields belonging to it with public accessibility. Following fields are declared with public accessiblity: AUTHENTICATED_USER_HEADER; enabled
project-1-team-8,com.sismics.reader.rest.filter,CookieAuthenticationFilter,Unutilized Abstraction,The tool detected the smell in this class because this class is potentially unused. (Please ignore the smell if the reported class is auto-generated and/or used to serve a specific known purpose.)
